"Name","has.star","Title.type","Genre","Run.time","Top.cast","MOVIEmeter","IMDb.Rating","Production.Co.","Year","numvotes","Country","Language","Rating","Genres"
"24 Hour Party People",0,"Movie","Biography, Comedy, Drama",117,"Steve Coogan, John Thomson, Paul Popplewell",7083,7.3,"Revolution Films",2002,89439,"UK","English",2,"Drama"
"8½",1,"Movie","Drama",138,"Marcello Mastroianni, Claudia Cardinale, Anouk Aimée",4849,8,"Cineriz",1963,9362,"IT","Italian",3,"Drama"
"A Field in England",0,"Movie","Drama, History, Horror",90,"Julian Barratt, Peter Ferdinando, Richard Glover",13015,6.3,"Film4",2013,93964,"UK","English",3,"Horror/Thriller"
"A Fistful of Dollars",0,"Movie","Action, Drama, Western",99,"Marianne Koch, Gian Maria Volontè, Wolfgang Lukschy",2853,8,"Jolly Film",1964,150472,"IT","English",4,"Action"
"A Room for Romeo Brass",0,"Movie","Comedy, Drama",90,"Martin Arrowsmith, Dave Blant, Darren Campbell",14911,7.6,"Alliance Atlantis Communications",1999,228994,"UK","English",2,"Drama"
"A Tale of Winter",0,"Movie","Drama",114,"Charlotte Véry, Frédéric van den Driessche, Michel Voletti",22367,7.3,"Compagnie Eric Rohmer (CER)",1992,24216,"FR","French",3,"Romance"
"After Hours",1,"Movie","Comedy, Crime, Drama",97,"Rosanna Arquette, Verna Bloom, Tommy Chong",3324,7.7,"The Geffen Company",1985,24071,"US","English",2,"Drama"
"Akira",0,"Movie","Animation, Action, Sci-Fi",124,"Mitsuo Iwata, Nozomu Sasaki, Mami Koyama",3368,8,"Akira Committee Company Ltd.",1988,476,"JA","English",2,"Action"
"Amateur",0,"Movie","Comedy, Crime, Drama",105,"Isabelle Huppert, Martin Donovan, Elina Löwensohn",26161,6.9,"American Playhouse",1994,7831,"US","English",1,"Drama"
"American Cousins",0,"Movie","Crime, Drama",115,"Danny Nucci, Shirley Henderson, Gerald Lepkowski",161872,6.2,"Bard Entertainments",2003,128288,"UK","English",2,"Light"
"American Gigolo",1,"Movie","Crime, Drama, Mystery",117,"Richard Gere, Lauren Hutton, Hector Elizondo",7694,6.3,"Paramount Pictures",1980,2147,"US","English",4,"Horror/Thriller"
"An American in Paris",0,"Movie","Drama, Musical, Romance",114,"Leslie Caron, Oscar Levant, Georges Guétary",9682,7.2,"Metro-Goldwyn-Mayer (MGM)",1951,12386,"US","English",3,"Light  Romance"
"Angel Face",1,"Movie","Crime, Drama, Film-Noir",91,"Robert Mitchum, Jean Simmons, Mona Freeman",28272,7.3,"RKO Radio Pictures",1953,5201,"US","English",2,"Horror/Thriller"
"Angel Heart",1,"Movie","Horror, Mystery, Thriller",113,"Mickey Rourke, Robert De Niro, Lisa Bonet",4217,7.3,"Carolco International N.V.",1987,167229,"US","English",3,"Horror/Thriller"
"Annie Hall",1,"Movie","Comedy, Romance",93,"Diane Keaton, Tony Roberts, Carol Kane",3738,8,"Jack Rollins & Charles H. Joffe Productions",1977,12527,"US","English",4,"Romance"
"Apocalypse Now",1,"Movie","Drama, Mystery, War",147,"Marlon Brando, Martin Sheen, Robert Duvall",506,8.4,"American Zoetrope",1979,47798,"US","English",4,"Horror/Thriller"
"Arrival",0,"Movie","Drama, Sci-Fi",116,"Amy Adams, Jeremy Renner, Forest Whitaker",608,7.9,"Lava Bear Films",2016,368928,"US","English",3,"Drama"
"Attack the Block",0,"Movie","Action, Adventure, Comedy",88,"Jodie Whittaker, John Boyega, Alex Esmail",6179,6.6,"Screen Gems",2011,449139,"UK","English",4,"Action"
"Autumn Tale",0,"Movie","Comedy, Drama, Romance",112,"Marie Rivière, Béatrice Romand, Alain Libolt",27591,7.5,"Les Films du Losange",1998,5482,"FR","French",3,"Romance"
"Awaydays",0,"Movie","Crime, Drama",105,"Nicky Bell, Liam Boyle, Stephen Graham",34966,5.8,"Red Union Films",2009,10068,"UK","English",2,"Drama"
"Baby Driver",0,"Movie","Action, Crime, Drama",113,"Ansel Elgort, Jon Bernthal, Jon Hamm",612,7.6,"TriStar Pictures",2017,9378,"US","English",3,"Action"
"Bad Lieutenant",1,"Movie","Crime, Drama, Thriller",96,"Harvey Keitel, Brian McElroy, Frank Acciarito",5995,7.1,"Bad Lt. Productions",1992,13251,"US","English",2,"Horror/Thriller"
"Bait",0,"Movie","Drama",89,"Edward Rowe, Giles King, Chloe Endean",19544,7.1,"Early Day Films",2019,176561,"UK","English",3,"Drama"
"Barefoot in the Park",1,"Movie","Comedy, Romance",106,"Robert Redford, Jane Fonda, Charles Boyer",12102,7,"Wallis-Hazen",1967,171477,"US","English",1,"Romance"
"Barton Fink",1,"Movie","Comedy, Drama, Thriller",116,"John Turturro, John Goodman, Judy Davis",5381,7.7,"Circle Films",1991,7804,"US","English",2,"Drama"
"Batman Begins",1,"Movie","Action, Adventure",140,"Christian Bale, Michael Caine, Liam Neeson",491,8.2,"Warner Bros.",2005,5717,"US","English",3,"Action"
"Before Sunrise",1,"Movie","Drama, Romance",101,"Ethan Hawke, Julie Delpy, Andrea Eckert",2016,8.1,"Castle Rock Entertainment",1995,613648,"US","English",3,"Romance"
"Before Sunset",0,"Movie","Drama, Romance",80,"Vernon Dobtcheff, Louise Lemoine Torrès, Rodolphe Pauly",3698,8.1,"Warner Independent Pictures (WIP)",2004,41461,"US","English",3,"Romance"
"Belle de Jour",1,"Movie","Drama, Romance",100,"Catherine Deneuve, Jean Sorel, Michel Piccoli",7097,7.7,"Robert et Raymond Hakim",1967,52381,"FR","French",2,"Romance"
"Betty Blue",0,"Movie","Drama, Romance",185,"Jean-Hugues Anglade, Béatrice Dalle, Gérard Darmon",6358,7.4,"Gaumont",1986,135452,"FR","French",3,"Romance"
"Beyond the Valley of the Dolls",0,"Movie","Comedy, Drama, Music",109,"Dolly Read, Cynthia Myers, Marcia McBroom",8935,6.3,"Twentieth Century Fox",1970,548913,"US","English",3,"Light"
"Bicycle Thieves",0,"Movie","Drama",89,"Lamberto Maggiorani, Enzo Staiola, Lianella Carell",6899,8.3,"Produzioni De Sica (PDS)",1948,9707,"IT","Italian",4,"Drama"
"Big Trouble in Little China",1,"Movie","Action, Adventure, Comedy",99,"Kurt Russell, Kim Cattrall, Dennis Dun",1808,7.3,"Twentieth Century Fox",1986,56916,"US","English",4,"Action"
"Blow-Up",0,"Movie","Drama, Mystery, Thriller",111,"Vanessa Redgrave, Sarah Miles, David Hemmings",6666,7.6,"Premier Productions",1966,115467,"US","English",1,"Drama"
"Blow Out",1,"Movie","Crime, Drama, Mystery",108,"John Travolta, Nancy Allen, John Lithgow",6881,7.4,"Filmways Pictures",1981,246660,"US","English",4,"Horror/Thriller"
"Blue Collar",1,"Movie","Crime, Drama",114,"Richard Pryor, Harvey Keitel, Yaphet Kotto",18026,7.5,"TAT Communications Company",1978,25235,"US","English",3,"Drama"
"Blue Velvet",1,"Movie","Drama, Mystery, Thriller",120,"Isabella Rossellini, Kyle MacLachlan, Dennis Hopper",2236,7.7,"De Laurentiis Entertainment Group (DEG)",1986,4313,"US","English",4,"Horror/Thriller"
"Body Double",1,"Movie","Crime, Drama, Mystery",114,"Craig Wasson, Melanie Griffith, Gregg Henry",5221,6.8,"Columbia Pictures",1984,59589,"US","English",2,"Horror/Thriller"
"Bottle Rocket",0,"Movie","Comedy, Crime, Drama",91,"Luke Wilson, Ned Dowd, Shea Fowler",4221,7,"Columbia Pictures",1996,937,"US","English",2,"Drama"
"Boyfriends and Girlfriends",0,"Movie","Comedy, Drama, Romance",103,"Emmanuelle Chaulet, Sophie Renoir, Anne-Laure Meury",25815,7.6,"Les Films du Losange",1987,39483,"FR","French",4,"Romance"
"Breakfast at Tiffany's",1,"Movie","Comedy, Drama, Romance",115,"Audrey Hepburn, George Peppard, Patricia Neal",1456,7.6,"Jurow-Shepherd",1961,142891,"US","English",3,"Romance"
"Bring Me the Head of Alfredo Garcia",0,"Movie","Action, Crime, Drama",112,"Warren Oates, Isela Vega, Robert Webber",13656,7.5,"Optimus Films",1974,10398,"US","English",3,"Action"
"Broken Embraces",0,"Movie","Drama, Romance, Thriller",127,"Penélope Cruz, Lluís Homar, Blanca Portillo",14149,7.2,"Universal Pictures International (UPI)",2009,18224,"SP","Spanish",3,"Romance"
"Brother",0,"Movie","Crime, Drama, Thriller",114,"Omar Epps, Claude Maki, Masaya Katô",18121,7.1,"Recorded Picture Company (RPC)",2000,28117,"JA","Japanese",1,"Drama"
"Buffalo '66",1,"Movie","Comedy, Drama, Romance",110,"Christina Ricci, Ben Gazzara, Mickey Rourke",5551,7.5,"Cinépix Film Properties (CFP)",1998,635,"US","English",1,"Romance"
"Cape Fear",1,"Movie","Drama, Thriller",106,"Gregory Peck, Robert Mitchum, Polly Bergen",9515,7.7,"Melville Productions",1962,587983,"US","English",3,"Drama"
"Cape Fear",1,"Movie","Crime, Thriller",128,"Nick Nolte, Jessica Lange, Juliette Lewis",1727,7.3,"Amblin Entertainment",1991,2497,"US","English",2,"Horror/Thriller"
"Carefree",1,"Movie","Comedy, Musical, Romance",83,"Fred Astaire, Ginger Rogers, Ralph Bellamy",4588,7,"RKO Radio Pictures",1938,30,"US","English",3,"Light  Romance"
"Carrie",0,"Movie","Horror",98,"Sissy Spacek, Piper Laurie, Amy Irving",2275,7.4,"Red Bank Films",1976,4075,"US","English",1,"Horror/Thriller"
"Casablanca",1,"Movie","Drama, Romance, War",102,"Humphrey Bogart, Ingrid Bergman, Paul Henreid",1492,8.5,"Warner Bros.",1942,27539,"US","English",4,"Romance"
"Casino",1,"Movie","Crime, Drama",178,"Robert De Niro, Sharon Stone, Joe Pesci",1329,8.2,"Universal Pictures",1995,127891,"US","English",3,"Drama"
"Cat People",1,"Movie","Fantasy, Horror, Thriller",118,"Nastassja Kinski, Malcolm McDowell, John Heard",6038,6.2,"RKO Pictures",1982,140787,"US","English",3,"Horror/Thriller"
"Cat People",1,"Movie","Fantasy, Horror, Thriller",73,"Simone Simon, Kent Smith, Tom Conway",12986,7.3,"RKO Radio Pictures",1942,443595,"US","English",1,"Horror/Thriller"
"Catch Me If You Can",1,"Movie","Biography, Crime, Drama",141,"Leonardo DiCaprio, Tom Hanks, Christopher Walken",960,8.1,"Dreamworks Pictures",2002,15273,"US","English",3,"Drama"
"Charade",1,"Movie","Comedy, Mystery, Romance",113,"Cary Grant, Audrey Hepburn, Walter Matthau",3166,7.9,"Stanley Donen Films",1963,71235,"US","English",3,"Romance"
"Chico & Rita",0,"Movie","Animation, Crime, Drama",94,"Limara Meneses, Eman Xor Oña, Mario Guerra",38095,7.2,"Isle of Man Film",2010,243398,"WO","Spanish",3,"Romance"
"Chinatown",1,"Movie","Drama, Mystery, Thriller",130,"Jack Nicholson, Faye Dunaway, John Huston",1813,8.1,"Paramount Pictures",1974,144536,"US","English",4,"Horror/Thriller"
"Chloe in the Afternoon",0,"Movie","Comedy, Drama, Romance",97,"Bernard Verley, Zouzou, Françoise Verley",15021,7.7,"Les Films du Losange",1972,54521,"FR","French",3,"Romance"
"Chungking Express",0,"Movie","Comedy, Crime, Drama",102,"Brigitte Lin, Tony Chiu-Wai Leung, Faye Wong",1926,8.1,"Jet Tone Production",1994,72931,"HK","Cantonese",3,"Romance"
"Citizen Kane",0,"Movie","Drama, Mystery",119,"Joseph Cotten, Dorothy Comingore, Agnes Moorehead",842,8.3,"RKO Radio Pictures",1941,63513,"US","English",2,"Drama"
"Claire's Knee",0,"Movie","Drama, Romance",105,"Jean-Claude Brialy, Aurora Cornu, Béatrice Romand",11166,7.6,"Les Films du Losange",1970,26388,"FR","French",1,"Romance"
"Climax",0,"Movie","Drama, Horror, Music",97,"Sofia Boutella, Romain Guillermic, Souheila Yacoub",1809,7,"Rectangle Productions",2018,49225,"FR","French",1,"Horror/Thriller"
"ColOZio",0,"Movie","Drama",91,"Orlando Moguel, Diego Calva, Hector Kotsifakis",181633,4.2,"Bias Post",2020,50565,"WO","Spanish",1,"Light"
"Comfort and Joy",0,"Movie","Comedy",106,"Bill Paterson, Eleanor David, Clare Grogan",45030,6.7,"Lake (Comfort and Joy)",1984,95661,"UK","English",3,"Light"
"Computer Chess",0,"Movie","Comedy",92,"Kriss Schludermann, Tom Fletcher, Patrick Riester",43006,6.3,"Computer Chess",2013,81400,"US","English",1,"Light"
"Contempt",1,"Movie","Drama, Romance",103,"Brigitte Bardot, Michel Piccoli, Jack Palance",7227,7.6,"Rome Paris Films",1963,6145,"FR","French",1,"Romance"
"Coogan's Bluff",0,"Movie","Action, Comedy, Crime",93,"Lee J. Cobb, Susan Clark, Tisha Sterling",16263,6.5,"Universal Pictures",1968,276613,"US","English",3,"Action"
"County Lines",0,"Movie","Drama",90,"Harris Dickinson, Ashley Madekwe, Conrad Khan",11562,7.5,"Two Birds Entertainment",2019,640380,"UK","English",1,"Drama"
"Dallas Buyers Club",1,"Movie","Biography, Drama",117,"Matthew McConaughey, Jennifer Garner, Jared Leto",1343,8,"Truth Entertainment (II)",2013,325470,"US","English",2,"Drama"
"Danger: Diabolik",0,"Movie","Action, Comedy, Crime",105,"John Phillip Law, Marisa Mell, Michel Piccoli",15126,6.5,"Dino de Laurentiis Cinematografica",1968,109288,"IT","English",2,"Action"
"Dazed and Confused",1,"Movie","Comedy",102,"Jason London, Joey Lauren Adams, Milla Jovovich",187,7.6,"Gramercy Pictures (I)",1993,132679,"US","English",4,"Light"
"Dead Man's Shoes",0,"Movie","Crime, Drama, Thriller",90,"Gary Stretch, Toby Kebbell, Stuart Wolfenden",7793,7.6,"Warp Films",2004,19612,"UK","English",4,"Horror/Thriller"
"Dead Ringers",1,"Movie","Drama, Horror, Thriller",116,"Jeremy Irons, Geneviève Bujold, Heidi von Palleske",6271,7.3,"Morgan Creek Entertainment",1988,12773,"US","English",1,"Horror/Thriller"
"Deep Red",0,"Movie","Horror, Mystery, Thriller",127,"David Hemmings, Daria Nicolodi, Gabriele Lavia",8854,7.6,"Rizzoli Film",1975,17909,"IT","English",3,"Horror/Thriller"
"Dial M for Murder",1,"Movie","Crime, Thriller",105,"Ray Milland, Grace Kelly, Robert Cummings",6082,8.2,"Warner Bros.",1954,110111,"US","English",3,"Drama"
"Dirty Grandpa",1,"Movie","Comedy",102,"Robert De Niro, Zac Efron, Zoey Deutch",4127,5.9,"Lionsgate",2016,26973,"US","English",1,"Light"
"Dirty Harry",0,"Movie","Action, Crime, Thriller",102,"Harry Guardino, Reni Santoni, John Vernon",3643,7.7,"The Malpaso Company",1971,48498,"US","English",3,"Action"
"Divorce Italian Style",1,"Movie","Comedy, Drama, Romance",105,"Marcello Mastroianni, Daniela Rocca, Stefania Sandrelli",19849,8.1,"Lux Film",1961,114248,"IT","Italian",3,"Romance"
"Django",0,"Movie","Action, Western",91,"Franco Nero, José Bódalo, Loredana Nusciak",9908,7.2,"B.R.C. Produzione S.r.l.",1966,126940,"IT","English",3,"Action"
"Double Indemnity",1,"Movie","Crime, Drama, Film-Noir",107,"Fred MacMurray, Barbara Stanwyck, Edward G. Robinson",5923,8.3,"Paramount Pictures",1944,16494,"US","English",3,"Horror/Thriller"
"Dressed to Kill",1,"Movie","Crime, Drama, Mystery",104,"Michael Caine, Angie Dickinson, Nancy Allen",5770,7.1,"Filmways Pictures",1980,735618,"US","English",3,"Horror/Thriller"
"Duck You Sucker",1,"Movie","Drama, War, Western",157,"Rod Steiger, James Coburn, Romolo Valli",7873,7.6,"Rafran Cinematografica",1971,70611,"IT","English",2,"Action"
"Dunkirk",0,"Movie","Action, Drama, History",106,"Fionn Whitehead, Damien Bonnard, Aneurin Barnard",684,7.8,"Syncopy",2017,9054,"UK","English",4,"Action"
"England Is Mine",0,"Movie","Biography, Drama, Music",94,"Jodie Comer, Jessica Brown Findlay, Jack Lowden",26826,5.8,"Honlodge Productions",2017,29500,"UK","English",1,"Light"
"Enter the Void",0,"Movie","Drama, Fantasy",161,"Paz de la Huerta, Nathaniel Brown, Cyril Roy",2825,7.3,"Fidélité Films",2009,526118,"FR","French",1,"Drama"
"Escape from New York",1,"Movie","Action, Adventure, Sci-Fi",99,"Kurt Russell, Lee Van Cleef, Ernest Borgnine",2653,7.2,"AVCO Embassy Pictures",1981,318647,"US","English",3,"Action"
"Everybody Wants Some!!",0,"Movie","Comedy",117,"Blake Jenner, Juston Street, Ryan Guzman",2930,6.9,"Annapurna Pictures",2016,54209,"UK","English",3,"Light"
"Face",0,"Movie","Crime, Drama, Thriller",105,"Robert Carlyle, Ray Winstone, Steve Sweeney",33773,6.7,"BBC Films",1997,275,"UK","English",1,"Drama"
"Face to Face",0,"Movie","Western",111,"Gian Maria Volontè, Tomas Milian, William Berger",32947,7.2,"Produzioni Europee Associate (PEA)",1967,8164,"IT","English",2,"Action"
"Fahrenheit 451",0,"Movie","Drama, Sci-Fi",112,"Julie Christie, Oskar Werner, Cyril Cusack",8961,7.2,"Anglo Enterprises",1966,9751,"UK","English",2,"Light"
"Fallen Angels",0,"Movie","Comedy, Crime, Drama",99,"Leon Lai, Michelle Reis, Takeshi Kaneshiro",4527,7.7,"Block 2 Pictures",1995,5837,"HK","Cantonese",2,"Light"
"Farewell, My Lovely",1,"Movie","Crime, Mystery, Thriller",95,"Robert Mitchum, Charlotte Rampling, John Ireland",15898,7.1,"EK",1975,4302,"US","English",2,"Drama"
"Female Prisoner #701: Scorpion",0,"Movie","Crime, Drama, Thriller",87,"Meiko Kaji, Rie Yokoyama, Yayoi Watanabe",21898,7.3,"Toei Company",1972,2113,"JA","Japanese",3,"Action"
"Filth",0,"Movie","Comedy, Crime, Drama",97,"Jamie Bell, Eddie Marsan, Imogen Poots",4810,7.1,"Steel Mill Pictures",2013,11060,"UK","English",1,"Drama"
"Fireworks",0,"Movie","Crime, Drama, Romance",103,"Kayoko Kishimoto, Ren Osugi, Susumu Terajima",12327,7.8,"Bandai Visual Company",1997,46231,"JA","Japanese",1,"Romance"
"First Love",0,"Movie","Action, Comedy, Crime",108,"Becky, Bengal, Masayuki Deai",13047,6.8,"Akatsuki",2019,49423,"JA","Japanese",4,"Action"
"Fish Tank",0,"Movie","Drama",123,"Katie Jarvis, Michael Fassbender, Rebecca Griffiths",2636,7.3,"BBC Films",2009,4423,"UK","English",3,"Drama"
"For a Few Dollars More",1,"Movie","Western",132,"Clint Eastwood, Lee Van Cleef, Gian Maria Volontè",3081,8.2,"Produzioni Europee Associate (PEA)",1965,3920,"IT","English",4,"Action"
"Four Adventures of Reinette and Mirabelle",0,"Movie","Comedy, Drama, Romance",99,"Jessica Forde, Mr. Housseau, Mme. Housseau",25851,7.7,"Compagnie Eric Rohmer (CER)",1987,154676,"FR","French",3,"Romance"
"Four Flies on Grey Velvet",0,"Movie","Crime, Mystery, Thriller",104,"Michael Brandon, Mimsy Farmer, Jean-Pierre Marielle",18336,6.7,"Seda Spettacoli",1971,183463,"IT","English",1,"Horror/Thriller"
"Foxcatcher",0,"Movie","Biography, Drama, History",134,"Steve Carell, Channing Tatum, Mark Ruffalo",3523,7,"Annapurna Pictures",2014,1644312,"US","English",2,"Drama"
"Full Moon in Paris",0,"Movie","Comedy, Drama, Romance",101,"Tchéky Karyo, Fabrice Luchini, Virginie Thévenet",24453,7.4,"Les Films du Losange",1984,2338107,"FR","French",2,"Romance"
"Funny Face",1,"Movie","Comedy, Musical, Romance",103,"Audrey Hepburn, Michel Auclair, Robert Flemyng",6327,7,"Paramount Pictures",1957,1849926,"US","English",2,"Light"
"Funny Games",0,"Movie","Crime, Drama, Thriller",108,"Susanne Lothar, Ulrich Mühe, Arno Frisch",3877,7.6,"Filmfonds Wien",1997,1662036,"GE","English",1,"Horror/Thriller"
"Gangster No. 1",0,"Movie","Crime, Drama, Thriller",103,"Malcolm McDowell, David Thewlis, Paul Bettany",16108,6.8,"FilmFour",2000,696276,"UK","English",2,"Drama"
"Gentlemen Prefer Blondes",1,"Movie","Comedy, Musical, Romance",91,"Jane Russell, Marilyn Monroe, Charles Coburn",9626,7.2,"Twentieth Century Fox",1953,1681967,"US","English",4,"Light  Romance"
"Ghost in the Shell",0,"Movie","Animation, Action, Crime",83,"Atsuko Tanaka, Akio Ôtsuka, Kôichi Yamadera",3476,8,"Kôdansha",1995,2097030,"JA","Japanese",2,"Action"
"Girlhood",0,"Movie","Drama",113,"Karidja Touré, Assa Sylla, Lindsay Karamoh",19389,6.9,"Hold Up Films",2014,928119,"FR","French",1,"Drama"
"Goodfellas",1,"Movie","Biography, Crime, Drama",146,"Robert De Niro, Ray Liotta, Joe Pesci",467,8.7,"Warner Bros.",1990,1035237,"US","English",4,"Drama"
"Green Street Hooligans",0,"Movie","Crime, Drama, Sport",109,"Elijah Wood, Charlie Hunnam, Claire Forlani",4355,7.5,"Baker Street",2005,1502958,"UK","English",3,"Light"
"Gregory's Girl",0,"Movie","Comedy, Drama, Romance",91,"John Gordon Sinclair, Dee Hepburn, Jake D'Arcy",3655,7.1,"Lake Films",1980,410295,"UK","English",4,"Romance"
"Gummo",0,"Movie","Comedy, Drama",89,"Jacob Sewell, Nick Sutton, Lara Tosh",2788,6.7,"Fine Line Features",1997,1541404,"US","English",1,"Drama"
"Gun Crazy",0,"Movie","Crime, Drama, Film-Noir",87,"Peggy Cummins, John Dall, Berry Kroeger",20152,7.6,"King Brothers Productions",1950,1048984,"US","English",3,"Horror/Thriller"
"Hardcore",0,"Movie","Crime, Drama",108,"George C. Scott, Peter Boyle, Season Hubley",9314,7.1,"A-Team",1979,527731,"US","English",2,"Drama"
"He Died with a Felafel in His Hand",0,"Movie","Comedy, Romance",107,"Emily Hamilton, Sophie Lee, Alex Menglet",48682,7.1,"Notorious Films Pty. Ltd.",2001,611643,"AU","English",2,"Romance"
"Her",0,"Movie","Drama, Romance, Sci-Fi",126,"Joaquin Phoenix, Lynn Adrianna Freedman, Lisa Renee Pitts",951,8,"Annapurna Pictures",2013,306102,"US","English",2,"Romance"
"High Fidelity",0,"Movie","Comedy, Drama, Music",113,"Iben Hjejle, Todd Louiso, Jack Black",2340,7.5,"Touchstone Pictures",2000,1204990,"US","English",2,"Light"
"His Girl Friday",1,"Movie","Comedy, Drama, Romance",92,"Cary Grant, Rosalind Russell, Ralph Bellamy",11769,7.9,"Columbia Pictures",1940,1206558,"US","English",1,"Romance"
"Hot Fuzz",0,"Movie","Action, Comedy, Mystery",121,"Martin Freeman, Bill Nighy, Robert Popper",963,7.8,"Universal Pictures",2007,204065,"UK","English",3,"Action"
"I Vitelloni",0,"Movie","Comedy, Drama",109,"Franco Interlenghi, Alberto Sordi, Franco Fabrizi",15385,7.9,"Cité Films",1953,315977,"IT","Italian",4,"Drama"
"In a Lonely Place",0,"Movie","Drama, Film-Noir, Mystery",94,"Gloria Grahame, Frank Lovejoy, Carl Benton Reid",11123,8,"Santana Pictures Corporation",1950,910570,"US","English",2,"Horror/Thriller"
"In Bruges",0,"Movie","Comedy, Crime, Drama",107,"Elizabeth Berrington, Rudy Blomme, Olivier Bonjour",2368,7.9,"Focus Features",2008,1534763,"UK","English",4,"Light"
"In the Mood for Love",0,"Movie","Drama, Romance",98,"Maggie Cheung, Tony Chiu-Wai Leung, Tung Cho 'Joe' Cheung",1882,8.1,"Block 2 Pictures",2000,1138051,"HK","Cantonese",3,"Romance"
"Inception",1,"Movie","Action, Adventure, Sci-Fi",148,"Leonardo DiCaprio, Joseph Gordon-Levitt, Elliot Page",308,8.8,"Warner Bros.",2010,221699,"US","English",4,"Action"
"Inglourious Basterds",1,"Movie","Adventure, Drama, War",153,"Brad Pitt, Mélanie Laurent, Christoph Waltz",316,8.3,"Universal Pictures",2009,166540,"US","English",3,"Drama"
"Intermission",0,"Movie","Comedy, Crime, Drama",105,"Colin Farrell, Kerry Condon, Johnny Thompson",21071,6.8,"British Broadcasting Corporation (BBC)",2003,145310,"US","English",3,"Light"
"Interstellar",1,"Movie","Adventure, Drama, Sci-Fi",169,"Ellen Burstyn, Matthew McConaughey, Mackenzie Foy",283,8.6,"Paramount Pictures",2014,302312,"US","English",2,"Drama"
"It's a Wonderful Life",1,"Movie","Drama, Family, Fantasy",130,"James Stewart, Donna Reed, Lionel Barrymore",2369,8.6,"Liberty Films (II)",1946,1287120,"US","English",3,"Light"
"Johnny Guitar",0,"Movie","Drama, Western",110,"Joan Crawford, Sterling Hayden, Mercedes McCambridge",12982,7.7,"Republic Pictures (I)",1954,929771,"US","English",3,"Action"
"Julieta",0,"Movie","Drama, Mystery, Romance",99,"Emma Suárez, Adriana Ugarte, Daniel Grao",8065,7.1,"Echo Lake Entertainment",2016,752018,"SP","Spanish",3,"Romance"
"Kajillionaire",0,"Movie","Comedy, Crime, Drama",104,"Richard Jenkins, Debra Winger, Evan Rachel Wood",3961,6.5,"Annapurna Pictures",2020,409189,"US","English",1,"Light"
"King Kong",0,"Movie","Action, Adventure, Drama",187,"Naomi Watts, Jack Black, Adrien Brody",256,7.2,"Universal Pictures",2005,148794,"US","English",2,"Action"
"King of New York",1,"Movie","Crime, Thriller",103,"Christopher Walken, David Caruso, Laurence Fishburne",6600,7,"Reteitalia",1990,160456,"US","English",2,"Horror/Thriller"
"Kiss Me Deadly",0,"Movie","Crime, Film-Noir, Mystery",106,"Ralph Meeker, Albert Dekker, Paul Stewart",13512,7.6,"Parklane Pictures Inc.",1955,380170,"US","English",3,"Horror/Thriller"
"Klute",1,"Movie","Crime, Mystery, Thriller",114,"Jane Fonda, Donald Sutherland, Charles Cioffi",5041,7.2,"Warner Bros.",1971,235506,"US","English",1,"Horror/Thriller"
"Kung Fu Panda",1,"Movie","Animation, Action, Adventure",92,"Jack Black, Dustin Hoffman, Angelina Jolie",2383,7.6,"DreamWorks Animation",2008,472777,"US","English",3,"Action"
"L'Avventura",0,"Movie","Drama, Mystery, Romance",144,"Gabriele Ferzetti, Monica Vitti, Lea Massari",12361,7.9,"Cino del Duca",1960,1211489,"IT","Italian",4,"Romance"
"L'Eclisse",0,"Movie","Drama, Romance",126,"Alain Delon, Monica Vitti, Francisco Rabal",14008,7.9,"Cineriz",1962,1323969,"IT","Italian",2,"Romance"
"La Dolce Vita",1,"Movie","Comedy, Drama",174,"Marcello Mastroianni, Anita Ekberg, Anouk Aimée",5232,8,"Riama Film",1960,68585,"IT","Italian",4,"Drama"
"La Notte",1,"Movie","Drama",122,"Marcello Mastroianni, Jeanne Moreau, Monica Vitti",11899,8.1,"Nepi Film",1961,740435,"IT","Italian",1,"Drama"
"La Strada",1,"Movie","Drama",108,"Anthony Quinn, Giulietta Masina, Richard Basehart",11672,8,"Ponti-De Laurentiis Cinematografica",1954,847985,"IT","Italian",1,"Drama"
"Léon: The Professional",1,"Movie","Action, Crime, Drama",110,"Jean Reno, Gary Oldman, Natalie Portman",578,8.5,"Gaumont",1994,65431,"US","English",1,"Action"
"Lady Snowblood",0,"Movie","Action, Drama, Thriller",97,"Meiko Kaji, Toshio Kurosawa, Masaaki Daimon",12261,7.7,"Toho Film (Eiga) Co. Ltd.",1973,23895,"JA","Japanese",3,"Action"
"Lady Vengeance",0,"Movie","Crime, Drama, Thriller",115,"Nam-mi Kang, Jeong-nam Choi, Hye-Sook Go",6911,7.6,"CJ Entertainment",2005,11716,"JA","Japanese",3,"Horror/Thriller"
"Laura",1,"Movie","Drama, Film-Noir, Mystery",88,"Gene Tierney, Dana Andrews, Clifton Webb",10354,8,"Twentieth Century Fox",1944,93762,"US","English",1,"Horror/Thriller"
"Le Samouraï",0,"Movie","Crime, Drama, Mystery",105,"Alain Delon, François Périer, Nathalie Delon",9731,8.1,"Compagnie Industrielle et Commerciale Cinématographique (CICC)",1967,298179,"FR","French",3,"Drama"
"Les Misérables",0,"Movie","Crime, Drama, Thriller",104,"Damien Bonnard, Djebril Zonga, Issa Perica",7577,7.6,"Srab Films",2019,18719,"FR","French",3,"Drama"
"Light Sleeper",1,"Movie","Crime, Drama",103,"Willem Dafoe, Susan Sarandon, Dana Delany",17190,6.9,"Carolco Pictures",1992,720192,"US","English",1,"Horror/Thriller"
"Lolita",1,"Movie","Crime, Drama, Romance",153,"James Mason, Shelley Winters, Sue Lyon",2652,7.6,"A.A. Productions Ltd.",1962,869657,"US","English",1,"Romance"
"Lost Highway",1,"Movie","Mystery, Thriller",134,"Bill Pullman, Patricia Arquette, John Roselius",3392,7.6,"CiBy 2000",1997,239782,"US","English",2,"Horror/Thriller"
"Lost in Translation",1,"Movie","Comedy, Drama",102,"Scarlett Johansson, Bill Murray, Akiko Takeshita",1110,7.7,"Focus Features",2003,131046,"US","English",4,"Romance"
"Love",0,"Movie","Drama, Romance",135,"Aomi Muyock, Karl Glusman, Klara Kristin",334,6.1,"Les Cinémas de la Zone",2015,28620,"FR","French",1,"Romance"
"Magnum Force",1,"Movie","Action, Crime, Mystery",124,"Clint Eastwood, Hal Holbrook, Mitchell Ryan",6384,7.2,"The Malpaso Company",1973,43169,"US","English",4,"Action"
"Make Up",0,"Movie","Drama",86,"Molly Windsor, Joseph Quinn, Stefanie Martini",15818,6,"BBC Films",2019,150036,"UK","English",1,"Drama"
"Manhattan",1,"Movie","Comedy, Drama, Romance",96,"Diane Keaton, Michael Murphy, Mariel Hemingway",5298,7.9,"Jack Rollins & Charles H. Joffe Productions",1979,45079,"US","English",3,"Romance"
"Mank",1,"Movie","Biography, Comedy, Drama",131,"Gary Oldman, Amanda Seyfried, Lily Collins",183,7,"Netflix",2020,99068,"US","English",1,"Drama"
"Matchstick Men",1,"Movie","Comedy, Crime, Drama",116,"Nicolas Cage, Sam Rockwell, Alison Lohman",7613,7.3,"Warner Bros.",2003,58892,"US","English",2,"Drama"
"Mean Streets",1,"Movie","Crime, Drama, Thriller",112,"Robert De Niro, Harvey Keitel, David Proval",5153,7.2,"Warner Bros.",1973,67459,"US","English",4,"Drama"
"Memento",0,"Movie","Mystery, Thriller",113,"Guy Pearce, Carrie-Anne Moss, Joe Pantoliano",923,8.4,"Newmarket Capital Group",2000,27606,"US","English",3,"Horror/Thriller"
"Memories of Murder",0,"Movie","Crime, Drama, Mystery",131,"Kang-ho Song, Kim Sang-kyung, Roe-ha Kim",1616,8.1,"CJ Entertainment",2003,200279,"SK","Korean",3,"Drama"
"Meshes of the Afternoon",0,"Short","Short, Fantasy, Mystery",14,NA,25636,7.9,NA,1943,27338,"US","English",1,"Drama"
"Midnight Coffee",0,"Short","Short, Comedy",12,"Sean Edward Evans, Vianny Guevara, Charles Mai",296286,NA,NA,2020,253495,"US","English",1,"Light"
"Midnight in Paris",0,"Movie","Comedy, Fantasy, Romance",94,"Owen Wilson, Rachel McAdams, Kurt Fuller",1622,7.7,"Mediapro",2011,82815,"US","English",3,"Romance"
"Miller's Crossing",1,"Movie","Crime, Drama, Thriller",115,"Gabriel Byrne, Marcia Gay Harden, John Turturro",4428,7.7,"Circle Films",1990,33293,"US","English",2,"Drama"
"Monkey Business",1,"Movie","Comedy, Sci-Fi",97,"Cary Grant, Ginger Rogers, Charles Coburn",19014,7,"Twentieth Century Fox",1952,196561,"US","English",2,"Light"
"Moon",1,"Movie","Drama, Mystery, Sci-Fi",97,"Sam Rockwell, Kevin Spacey, Dominique McElligott",2400,7.9,"Sony Pictures Classics",2009,447783,"US","English",3,"Drama"
"Morvern Callar",0,"Movie","Drama",97,"Samantha Morton, Kathleen McDermott, Paul Popplewell",19135,6.8,"Alliance Atlantis Motion Picture Production",2002,11675,"US","English",2,"Drama"
"Mosquito",0,"Movie","Drama, War",125,"João Nunes Monteiro, João Lagarto, Filipe Duarte",53364,7,"APM - Ana Pinhão Moura Produções",2020,79350,"PO","English",3,"Action"
"Mother",0,"Movie","Crime, Drama, Mystery",129,"Hye-ja Kim, Won Bin, Jin Goo",5213,7.8,"CJ Entertainment",2009,124248,"SK","Korean",4,"Drama"
"My Name Is Joe",0,"Movie","Drama, Romance",105,"Peter Mullan, Louise Goodall, Gary Lewis",31263,7.5,"ARD Degeto Film",1998,93082,"UK","English",4,"Romance"
"My Night at Maud's",0,"Movie","Comedy, Drama, Romance",110,"Jean-Louis Trintignant, Françoise Fabian, Marie-Christine Barrault",15124,7.9,"Compagnie Française de Distribution Cinématographique (CFDC)",1969,69943,"FR","French",2,"Romance"
"Naked",0,"Movie","Comedy, Drama",132,"David Thewlis, Lesley Sharp, Katrin Cartlidge",4036,7.8,"Thin Man Films",1993,604952,"UK","English",2,"Horror/Thriller"
"Nashville",0,"Movie","Comedy, Drama, Music",160,"David Arkin, Barbara Baxley, Ned Beatty",8267,7.7,"ABC Entertainment",1975,78045,"US","English",1,"Light"
"No Country for Old Men",1,"Movie","Crime, Drama, Thriller",122,"Tommy Lee Jones, Javier Bardem, Josh Brolin",429,8.1,"Paramount Vantage",2007,12935,"US","English",4,"Drama"
"North by Northwest",1,"Movie","Adventure, Mystery, Thriller",136,"Cary Grant, Eva Marie Saint, James Mason",2484,8.3,"Metro-Goldwyn-Mayer (MGM)",1959,600100,"US","English",3,"Light"
"Notorious",1,"Movie","Drama, Film-Noir, Romance",102,"Cary Grant, Ingrid Bergman, Claude Rains",6758,7.9,"RKO Radio Pictures",1946,337850,"US","English",3,"Horror/Thriller"
"O Brother, Where Art Thou?",1,"Movie","Adventure, Comedy, Crime",107,"George Clooney, John Turturro, Tim Blake Nelson",1941,7.7,"Touchstone Pictures",2000,393578,"US","English",1,"Light"
"Obsession",0,"Movie","Drama, Mystery, Thriller",98,"Cliff Robertson, Geneviève Bujold, John Lithgow",16002,6.7,"Columbia Pictures",1976,132474,"US","English",3,"Horror/Thriller"
"Oggi, domani, dopodomani",1,"Movie","Comedy",85,"Marcello Mastroianni, Catherine Spaak, Virna Lisi",93177,6.2,"Compagnia Cinematografica Champion",1965,326812,"IT","Italian",2,"Light"
"On the Edge",0,"Movie","Drama",85,"Paul Hickey, Camille O'Sullivan, Cillian Murphy",29994,7,"Blank Page Productions",2001,51635,"IR","English",1,"Drama"
"On the Rocks",1,"Movie","Comedy, Drama, Romance",96,"Bill Murray, Rashida Jones, Marlon Wayans",2752,6.5,"A24",2020,168173,"US","English",1,"Romance"
"Once Upon a Time in America",1,"Movie","Crime, Drama",229,"Robert De Niro, James Woods, Elizabeth McGovern",1025,8.4,"The Ladd Company",1984,397060,"US","English",4,"Drama"
"Once Upon a Time in the Midlands",0,"Movie","Comedy, Drama, Romance",104,"Robert Carlyle, Vanessa Feltz, Ricky Tomlinson",13626,6.2,"FilmFour",2002,49975,"UK","English",2,"Romance"
"Once Upon a Time in the West",1,"Movie","Western",165,"Claudia Cardinale, Henry Fonda, Jason Robards",1111,8.5,"Rafran Cinematografica",1968,327985,"IT","English",3,"Action"
"One Deadly Summer",1,"Movie","Drama, Mystery",133,"Isabelle Adjani, Alain Souchon, Suzanne Flon",8858,7.3,"Société Nouvelle de Cinématographie (SNC)",1983,384653,"FR","French",3,"Drama"
"One Flew Over the Cuckoo's Nest",0,"Movie","Drama",133,"Michael Berryman, Peter Brocco, Alonzo Brown",868,8.7,"Fantasy Films",1975,448197,"US","English",2,"Drama"
"Out of the Past",1,"Movie","Crime, Drama, Film-Noir",97,"Robert Mitchum, Jane Greer, Kirk Douglas",11387,8,"RKO Radio Pictures",1947,272626,"US","English",3,"Horror/Thriller"
"Outlaw",1,"Movie","Action, Crime, Drama",103,"Sean Bean, Danny Dyer, Rupert Friend",31505,5.7,"Pathe Productions",2007,333728,"UK","English",1,"Action"
"Pain and Glory",1,"Movie","Drama",113,"Antonio Banderas, Asier Etxeandia, Leonardo Sbaraglia",5466,7.5,"Canal+",2019,566454,"SP","Spanish",1,"Drama"
"Paint Your Wagon",1,"Movie","Comedy, Drama, Musical",164,"Lee Marvin, Clint Eastwood, Jean Seberg",11605,6.6,"Alan Jay Lerner Productions",1969,381940,"US","English",1,"Light"
"Parasite",0,"Movie","Comedy, Drama, Thriller",132,"Kang-ho Song, Sun-kyun Lee, Yeo-jeong Cho",193,8.6,"Barunson E&A",2019,467963,"SK","Korean",4,"Drama"
"Paris, Texas",0,"Movie","Drama",145,"Harry Dean Stanton, Sam Berry, Bernhard Wicki",2635,8.1,"Road Movies Filmproduktion",1984,21180,"GE","English",4,"Romance"
"Paul",0,"Movie","Adventure, Comedy, Sci-Fi",104,"Mia Stallard, Jeremy Owen, Jeffrey Tambor",3328,7,"Universal Pictures",2011,396961,"UK","English",2,"Light"
"Pauline at the Beach",0,"Movie","Comedy, Drama, Romance",95,"Amanda Langlet, Arielle Dombasle, Pascal Greggory",9295,7.3,"Les Films Ariane",1983,420292,"FR","French",3,"Romance"
"Peeping Tom",0,"Movie","Drama, Horror, Thriller",101,"Karlheinz Böhm, Moira Shearer, Anna Massey",10592,7.7,"Michael Powell (Theatre)",1960,14004,"UK","English",2,"Horror/Thriller"
"Performance",0,"Movie","Crime, Drama",105,"James Fox, Mick Jagger, Anita Pallenberg",10208,6.9,"Goodtimes Enterprises",1970,112278,"UK","English",1,"Horror/Thriller"
"Persepolis",1,"Movie","Animation, Biography, Drama",96,"Chiara Mastroianni, Danielle Darrieux, Catherine Deneuve",9670,8,"2.4.7. Films",2007,516699,"FR","French",4,"Drama"
"Pineapple Express",0,"Movie","Action, Comedy, Crime",111,"James Franco, Danny McBride, Kevin Corrigan",3168,6.9,"Columbia Pictures",2008,168485,"US","English",2,"Action"
"Play Misty for Me",0,"Movie","Drama, Thriller",102,"Jessica Walter, Donna Mills, John Larch",4340,7,"The Malpaso Company",1971,392049,"US","English",4,"Drama"
"Portrait of a Lady on Fire",0,"Movie","Drama, Romance",122,"Noémie Merlant, Adèle Haenel, Luàna Bajrami",985,8.1,"Lilies Films",2019,412210,"FR","French",3,"Romance"
"Possession",1,"Movie","Drama, Horror",124,"Isabelle Adjani, Sam Neill, Margit Carstensen",3657,7.4,"Gaumont",1981,337773,"EU","English",4,"Horror/Thriller"
"Possessor",0,"Movie","Horror, Mystery, Sci-Fi",103,"Gabrielle Graham, Hanneke Talbot, Matthew Garlick",997,6.5,"Rhombus Media",2020,125485,"CA","English",3,"Horror/Thriller"
"Psycho",0,"Movie","Horror, Mystery, Thriller",109,"Anthony Perkins, Vera Miles, John Gavin",1228,8.5,"Shamley Productions",1960,54954,"US","English",3,"Horror/Thriller"
"Pulp Fiction",1,"Movie","Crime, Drama",154,"Tim Roth, Amanda Plummer, John Travolta",294,8.9,"Miramax",1994,72958,"US","English",4,"Drama"
"Raging Bull",1,"Movie","Biography, Drama, Sport",129,"Robert De Niro, Cathy Moriarty, Joe Pesci",2639,8.2,"Chartoff-Winkler Productions",1980,290698,"US","English",4,"Drama"
"Rashomon",0,"Movie","Crime, Drama, Mystery",88,"Toshirô Mifune, Machiko Kyô, Masayuki Mori",5698,8.2,"Daiei",1950,269819,"JA","Japanese",3,"Drama"
"Rear Window",1,"Movie","Mystery, Thriller",112,"James Stewart, Grace Kelly, Wendell Corey",2157,8.4,"Alfred J. Hitchcock Productions",1954,189362,"US","English",3,"Drama"
"Rebel Without a Cause",1,"Movie","Drama",111,"James Dean, Natalie Wood, Sal Mineo",4198,7.7,"Warner Bros.",1955,169802,"US","English",1,"Light"
"Red Road",0,"Movie","Drama, Mystery, Thriller",113,"Kate Dickie, Tony Curran, Martin Compston",16095,6.8,"Advanced Party Scheme",2006,169945,"UK","English",3,"Horror/Thriller"
"Repo Man",1,"Movie","Action, Comedy, Crime",92,"Harry Dean Stanton, Emilio Estevez, Tracey Walter",6452,6.9,"Edge City Productions",1984,424440,"US","English",2,"Action"
"Repulsion",1,"Movie","Drama, Horror, Thriller",105,"Catherine Deneuve, Ian Hendry, John Fraser",8941,7.7,"Compton Films",1965,225393,"UK","English",1,"Horror/Thriller"
"Reservoir Dogs",0,"Movie","Crime, Drama, Thriller",99,"Tim Roth, Michael Madsen, Chris Penn",905,8.3,"Live Entertainment",1992,106921,"US","English",4,"Drama"
"Rio Bravo",1,"Movie","Action, Drama, Western",141,"John Wayne, Dean Martin, Ricky Nelson",4255,8,"Armada Productions",1959,NA,"US","English",3,"Action"
"Rolling Thunder",1,"Movie","Crime, Drama, Thriller",95,"William Devane, Tommy Lee Jones, Linda Haynes",12091,7,"American International Pictures (AIP)",1977,11412,"US","English",3,"Drama"
"Rome, Open City",0,"Movie","Drama, Thriller, War",103,"Aldo Fabrizi, Anna Magnani, Marcello Pagliero",19670,8.1,"Excelsa Film",1945,20359,"IT","Italian",2,"Drama"
"Rosemary's Baby",0,"Movie","Drama, Horror",137,"Mia Farrow, John Cassavetes, Ruth Gordon",2557,8,"William Castle Productions",1968,597,"US","English",4,"Horror/Thriller"
"Rumble Fish",1,"Movie","Crime, Drama, Romance",94,"Matt Dillon, Mickey Rourke, Diane Lane",6216,7.2,"Zoetrope Studios",1983,9068,"US","English",1,"Romance"
"Rushmore",1,"Movie","Comedy, Drama, Romance",93,"Jason Schwartzman, Bill Murray, Olivia Williams",3074,7.7,"American Empirical Pictures",1998,18792,"US","English",4,"Romance"
"Saint Maud",1,"Movie","Drama, Horror, Mystery",84,"Morfydd Clark, Jennifer Ehle, Lily Knight",1212,6.8,"Escape Plan Productions",2019,3460,"UK","English",4,"Horror/Thriller"
"Salvador",1,"Movie","Drama, History, Thriller",122,"James Woods, Jim Belushi, Michael Murphy",13263,7.4,"Cinema '84",1986,84810,"US","English",4,"Drama"
"Saturday Night Fever",1,"Movie","Drama, Music",118,"John Travolta, Karen Lynn Gorney, Barry Miller",1880,6.8,"Paramount Pictures",1977,11958,"US","English",3,"Light"
"Scanners",0,"Movie","Horror, Sci-Fi, Thriller",103,"Jennifer O'Neill, Stephen Lack, Patrick McGoohan",6108,6.8,"Canadian Film Development Corporation (CFDC)",1981,3578,"CA","English",2,"Horror/Thriller"
"Scarface",1,"Movie","Crime, Drama",170,"Al Pacino, Steven Bauer, Michelle Pfeiffer",833,8.3,"Universal Pictures",1983,100847,"US","English",4,"Drama"
"School of Rock",0,"Movie","Comedy, Music",109,"Jack Black, Adam Pascal, Lucas Papaelias",630,7.1,"Paramount Pictures",2003,36559,"US","English",3,"Light"
"Scott Pilgrim vs. the World",0,"Movie","Action, Comedy, Fantasy",112,"Michael Cera, Kieran Culkin, Anna Kendrick",535,7.5,"Universal Pictures",2010,7111,"US","English",4,"Action"
"Seven Psychopaths",0,"Movie","Comedy, Crime",110,"Michael Pitt, Michael Stuhlbarg, Sam Rockwell",2659,7.2,"CBS Films",2012,901,"US","English",3,"Light"
"Shampoo",1,"Movie","Comedy, Drama",110,"Julie Christie, Goldie Hawn, Lee Grant",8374,6.4,"Persky-Bright / Vista",1975,32504,"US","English",2,"Light"
"Shark Tale",1,"Movie","Animation, Adventure, Comedy",90,"Will Smith, Robert De Niro, Renée Zellweger",4384,6,"DreamWorks Animation",2004,3903,"US","English",3,"Light"
"Shaun of the Dead",0,"Movie","Comedy, Horror",99,"Kate Ashfield, Nick Frost, Lucy Davis",1367,7.9,"Universal Pictures",2004,168629,"UK","English",4,"Horror/Thriller"
"Singin' in the Rain",0,"Movie","Comedy, Musical, Romance",103,"Donald O'Connor, Debbie Reynolds, Jean Hagen",3018,8.3,"Metro-Goldwyn-Mayer (MGM)",1952,5715,"US","English",4,"Light  Romance"
"Sisters",0,"Movie","Horror, Mystery, Thriller",93,"Margot Kidder, Jennifer Salt, Charles Durning",12832,6.9,"Pressman-Williams Enterprises",1972,50142,"US","English",3,"Horror/Thriller"
"Six Shooter",0,"Short","Short, Comedy, Drama",27,"Brendan Gleeson, Rúaidhrí Conroy, David Wilmot",16653,7.5,"FilmFour",2004,8713,"IR","English",2,"Drama"
"Sleuth",1,"Movie","Mystery, Thriller",138,"Laurence Olivier, Michael Caine, Alec Cawthorne",9179,8,"Palomar Pictures International",1972,3247,"UK","English",1,"Drama"
"Snowpiercer",1,"Movie","Action, Drama, Sci-Fi",126,"Chris Evans, Kang-ho Song, Ed Harris",391,7.1,"SnowPiercer",2013,11284,"US","English",3,"Action"
"Society",0,"Movie","Comedy, Horror",99,"Billy Warlock, Concetta D'Agnese, Ben Slack",5713,6.6,"Wild Street Pictures",1989,184,"US","English",3,"Horror/Thriller"
"Some Like It Hot",1,"Movie","Comedy, Music, Romance",121,"Marilyn Monroe, Tony Curtis, Jack Lemmon",1863,8.2,"Ashton Productions",1959,14674,"US","English",4,"Light  Romance"
"Sonatine",0,"Movie","Action, Comedy, Crime",94,"Aya Kokumai, Tetsu Watanabe, Masanobu Katsumura",13980,7.5,"Bandai Visual Company",1993,29027,"JA","Japanese",2,"Action"
"Sorry We Missed You",0,"Movie","Drama",101,"Kris Hitchen, Debbie Honeywood, Rhys Stone",7868,7.6,"Sixteen Films",2019,7021,"UK","English",2,"Drama"
"Strangers on a Train",0,"Movie","Crime, Film-Noir, Thriller",101,"Farley Granger, Ruth Roman, Robert Walker",6454,7.9,"Warner Bros.",1951,32217,"US","English",2,"Horror/Thriller"
"Stray Cat Rock: Delinquent Girl Boss",0,"Movie","Action, Crime, Drama",80,"Akiko Wada, Meiko Kaji, Kôji Wada",39394,6.2,"Hori Production",1970,7765,"JA","Japanese",3,"Action"
"Submarine",0,"Movie","Comedy, Drama, Romance",97,"Noah Taylor, Paddy Considine, Craig Roberts",6439,7.3,"The Weinstein Company",2010,34465,"UK","English",4,"Romance"
"Subway",1,"Movie","Thriller",104,"Isabelle Adjani, Christopher Lambert, Richard Bohringer",11680,6.6,"Les Films du Loup",1985,30549,"FR","French",2,"Light"
"Sudden Impact",0,"Movie","Action, Crime, Thriller",117,"Sondra Locke, Pat Hingle, Bradford Dillman",6366,6.7,"Warner Bros.",1983,15877,"US","English",3,"Action"
"Summer",0,"Movie","Drama, Romance",99,"Amira Chemakhi, Sylvie Richez, Basile Gervaise",20325,7.7,"Ministère de la Culture et de la Communication",1986,16101,"FR","French",4,"Romance"
"Sunset Blvd.",1,"Movie","Drama, Film-Noir",110,"William Holden, Gloria Swanson, Erich von Stroheim",2859,8.4,"Paramount Pictures",1950,990,"US","English",2,"Horror/Thriller"
"Superbad",0,"Movie","Comedy",113,"Jonah Hill, Michael Cera, Christopher Mintz-Plasse",816,7.6,"Columbia Pictures",2007,32109,"US","English",3,"Light"
"Suspiria",0,"Movie","Horror",99,"Jessica Harper, Stefania Casini, Flavio Bucci",4144,7.4,"Seda Spettacoli",1977,8709,"IT","English",3,"Horror/Thriller"
"Sweet Sixteen",0,"Movie","Crime, Drama",106,"Martin Compston, William Ruane, Annmarie Fulton",10557,7.4,"Alta Films",2002,3258,"UK","English",3,"Drama"
"Sweet Smell of Success",0,"Movie","Drama, Film-Noir",96,"Susan Harrison, Martin Milner, Jeff Donnell",13513,8,"Norma Productions",1957,8032,"US","English",3,"Horror/Thriller"
"Sympathy for Mr. Vengeance",0,"Movie","Crime, Drama, Thriller",129,"Kang-ho Song, Shin Ha-kyun, Bae Doona",8234,7.6,"CJ Entertainment",2002,6904,"SK","Korean",2,"Horror/Thriller"
"T2 Trainspotting",1,"Movie","Drama",117,"Ewan McGregor, Logan Gillies, Ben Skelton",3966,7.2,"Artbees",2017,81775,"UK","English",3,"Drama"
"Talk Radio",0,"Movie","Drama",110,"Ellen Greene, Leslie Hope, John C. McGinley",19002,7.3,"Cineplex Odeon Films",1988,42027,"US","English",1,"Drama"
"Talk to Her",0,"Movie","Drama, Mystery, Romance",112,"Javier Cámara, Darío Grandinetti, Leonor Watling",7650,7.9,"El Deseo",2002,18541,"SP","Spanish",3,"Romance"
"Targets",1,"Movie","Crime, Drama, Thriller",90,"Tim O'Kelly, Boris Karloff, Arthur Peterson",19669,7.3,"Saticoy Productions",1968,6676,"US","English",3,"Horror/Thriller"
"Taxi Driver",0,"Movie","Crime, Drama",114,"Diahnne Abbott, Frank Adu, Victor Argo",689,8.2,"Columbia Pictures",1976,102782,"US","English",4,"Drama"
"Tenet",0,"Movie","Action, Sci-Fi, Thriller",150,"Juhan Ulfsak, Jefferson Hall, Ivo Uukkivi",83,7.5,"Warner Bros.",2020,61053,"US","English",3,"Action"
"Tepepa",1,"Movie","Action, Adventure, Drama",133,"Tomas Milian, Orson Welles, John Steiner",64074,6.7,"Filmamerica",1969,13013,"IT","Italian",2,"Action"
"That Sinking Feeling",0,"Movie","Comedy, Crime",93,"Tom Mannion, Eddie Burt, Alex Mackenzie",27977,6.8,"Glasgow Youth Theatre",1979,12708,"UK","English",2,"Light"
"The Addiction",0,"Movie","Drama, Horror",82,"Lili Taylor, Christopher Walken, Annabella Sciorra",21782,6.5,"Fast Films",1995,86268,"US","English",2,"Horror/Thriller"
"The Apartment",1,"Movie","Comedy, Drama, Romance",125,"Jack Lemmon, Shirley MacLaine, Fred MacMurray",4611,8.3,"The Mirisch Corporation",1960,7400,"US","English",2,"Romance"
"The Aviator",1,"Movie","Biography, Drama",170,"Cate Blanchett, Kate Beckinsale, John C. Reilly",1754,7.5,"Forward Pass",2004,33663,"US","English",2,"Drama"
"The Aviator's Wife",0,"Movie","Comedy, Drama, Romance",106,"Philippe Marlaud, Marie Rivière, Anne-Laure Meury",24617,7.6,"Les Films du Losange",1981,21990,"FR","French",3,"Romance"
"The Beach",1,"Movie","Adventure, Drama, Romance",119,"Leonardo DiCaprio, Daniel York, Patcharawan Patarakijjanon",2556,6.7,"Figment Films",2000,30876,"US","English",2,"Romance"
"The Beguiled",0,"Movie","Drama, Thriller, War",105,"Geraldine Page, Elizabeth Hartman, Jo Ann Harris",8582,7.2,"The Malpaso Company",1971,4628,"US","English",3,"Horror/Thriller"
"The Big Lebowski",1,"Movie","Comedy, Crime, Sport",117,"Jeff Bridges, John Goodman, Julianne Moore",694,8.1,"Polygram Filmed Entertainment",1998,3316,"US","English",4,"Light"
"The Big Sleep",1,"Movie","Crime, Film-Noir, Mystery",114,"Humphrey Bogart, Lauren Bacall, John Ridgely",8863,7.9,"Warner Bros.",1946,17365,"US","English",4,"Horror/Thriller"
"The Bird with the Crystal Plumage",0,"Movie","Horror, Mystery, Thriller",96,"Tony Musante, Suzy Kendall, Enrico Maria Salerno",9166,7.2,"Seda Spettacoli",1970,40837,"IT","English",3,"Horror/Thriller"
"The Brood",0,"Movie","Horror, Sci-Fi",92,"Oliver Reed, Samantha Eggar, Art Hindle",7930,6.9,"Canadian Film Development Corporation (CFDC)",1979,18290,"CA","English",3,"Horror/Thriller"
"The Collector",0,"Movie","Comedy, Drama, Romance",89,"Alain Jouffroy, Mijanou Bardot, Annik Morice",15240,7.5,"Les Films du Losange",1967,10133,"FR","French",2,"Romance"
"The Conformist",0,"Movie","Drama",113,"Jean-Louis Trintignant, Stefania Sandrelli, Gastone Moschin",9460,8,"Mars Film",1970,45477,"IT","Italian",4,"Drama"
"The Conversation",1,"Movie","Drama, Mystery, Thriller",113,"Gene Hackman, John Cazale, Allen Garfield",2683,7.8,"The Directors Company",1974,57307,"US","English",4,"Horror/Thriller"
"The Dark Knight",1,"Movie","Action, Crime, Drama",152,"Christian Bale, Aaron Eckhart, Michael Caine",167,9,"Warner Bros.",2008,7476,"US","English",3,"Action"
"The Dark Knight Rises",1,"Movie","Action, Adventure",164,"Christian Bale, Gary Oldman, Tom Hardy",426,8.4,"Warner Bros.",2012,4111,"US","English",3,"Action"
"The Death Wheelers",0,"Movie","Adventure, Horror",85,"Nicky Henson, Mary Larkin, Ann Michelle",24205,5.8,"Benmar Productions",1973,18398,"UK","English",2,"Horror/Thriller"
"The Departed",1,"Movie","Crime, Drama, Thriller",151,"Leonardo DiCaprio, Matt Damon, Jack Nicholson",459,8.5,"Warner Bros.",2006,38830,"US","English",3,"Drama"
"The Devils",0,"Movie","Biography, Drama, History",111,"Vanessa Redgrave, Oliver Reed, Dudley Sutton",5249,7.8,"Russo Productions",1971,22024,"UK","English",4,"Horror/Thriller"
"The Double",0,"Movie","Comedy, Drama, Mystery",93,"Jesse Eisenberg, Mia Wasikowska, Wallace Shawn",9553,6.5,"Alcove Entertainment",2013,26713,"US","English",2,"Drama"
"The Dreamers",0,"Movie","Drama, Romance",115,"Michael Pitt, Eva Green, Louis Garrel",1363,7.2,"Recorded Picture Company (RPC)",2003,19493,"US","English",2,"Romance"
"The Driver",1,"Movie","Action, Crime, Thriller",91,"Ryan O'Neal, Bruce Dern, Isabelle Adjani",11683,7.2,"EMI Films",1978,9526,"US","English",3,"Action"
"The Enforcer",1,"Movie","Action, Crime, Thriller",96,"Clint Eastwood, Tyne Daly, Harry Guardino",9693,6.8,"Warner Bros.",1976,1820,"US","English",2,"Action"
"The Firm",0,"Movie","Comedy, Drama, Mystery",90,"Paul Anderson, Calum MacNab, Daniel Mays",16906,5.8,"Vertigo Films",2009,29346,"UK","English",2,"Drama"
"The Football Factory",0,"Movie","Crime, Drama, Sport",91,"Danny Dyer, Tamer Hassan, Roland Manookian",13742,6.8,"Vertigo Films",2004,5969,"UK","English",3,"Light"
"The French Connection",0,"Movie","Action, Crime, Drama",104,"Fernando Rey, Roy Scheider, Tony Lo Bianco",3986,7.7,"Twentieth Century Fox",1971,42237,"US","English",1,"Action"
"The Gauntlet",0,"Movie","Action, Crime, Thriller",109,"Sondra Locke, Pat Hingle, William Prince",5523,6.4,"Warner Bros.",1977,32661,"US","English",3,"Action"
"The Gay Divorcee",1,"Movie","Comedy, Musical, Romance",107,"Fred Astaire, Ginger Rogers, Alice Brady",25310,7.5,"RKO Radio Pictures",1934,114913,"US","English",3,"Light  Romance"
"The Girl Can't Help It",0,"Movie","Comedy, Music",99,"Tom Ewell, Jayne Mansfield, Edmond O'Brien",28758,6.8,"Twentieth Century Fox",1956,144633,"US","English",1,"Light"
"The Girl on a Motorcycle",0,"Movie","Drama, Romance",91,"Marianne Faithfull, Roger Mutton, Marius Goring",19501,5.3,"Adel Productions",1968,36104,"EU","English",3,"Romance"
"The Godfather",1,"Movie","Crime, Drama",175,"Marlon Brando, Al Pacino, James Caan",97,9.2,"Paramount Pictures",1972,30540,"US","English",4,"Drama"
"The Good Thief",0,"Movie","Action, Crime, Drama",109,"Nutsa Kukhianidze, Ouassini Embarek, Tchéky Karyo",22966,6.5,"Alliance Atlantis Communications",2002,72299,"UK","English",1,"Action"
"The Good, the Bad and the Ugly",0,"Movie","Western",161,"Lee Van Cleef, Aldo Giuffrè, Luigi Pistilli",758,8.8,"Produzioni Europee Associate (PEA)",1966,2681,"IT","English",4,"Action"
"The Grand Budapest Hotel",1,"Movie","Adventure, Comedy, Crime",99,"Ralph Fiennes, F. Murray Abraham, Mathieu Amalric",508,8.1,"Fox Searchlight Pictures",2014,7417,"US","English",4,"Light"
"The Guard",0,"Movie","Comedy, Crime, Thriller",96,"Ronan Collins, Paraic Nialand, John Patrick Beirne",6222,7.3,"Reprisal Films",2011,3745,"IR","English",2,"Light"
"The Harder They Come",0,"Movie","Crime, Drama, Music",103,"Janet Bartley, Carl Bradshaw, Ras Daniel Hartman",27518,6.9,"International Films",1972,26057,"WO","Spanish",3,"Light"
"The Hill",1,"Movie","Drama, War",123,"Sean Connery, Harry Andrews, Ian Bannen",20636,7.9,"Metro-Goldwyn-Mayer (MGM)",1965,4323,"UK","English",3,"Drama"
"The Host",0,"Movie","Action, Drama, Horror",120,"Kang-ho Song, Byun Hee-Bong, Park Hae-il",4084,7.1,"Chungeorahm Film",2006,14209,"SK","Korean",3,"Horror/Thriller Action"
"The Housemaid",0,"Movie","Drama, Thriller",107,"Jeon Do-yeon, Jung-jae Lee, Yuh-Jung Youn",8455,6.4,"Sidus FNH-Benex Cinema Fund 1",2010,40492,"SK","Korean",2,"Drama"
"The Irishman",1,"Movie","Biography, Crime, Drama",209,"Al Pacino, Joe Pesci, Harvey Keitel",645,7.8,"Tribeca Productions",2019,10454,"US","English",4,"Drama"
"The Italian Job",1,"Movie","Action, Comedy, Crime",99,"Michael Caine, Noël Coward, Benny Hill",5302,7.3,"Oakhurst Productions",1969,237180,"UK","English",3,"Action"
"The King of Comedy",1,"Movie","Comedy, Crime, Drama",109,"Robert De Niro, Jerry Lewis, Diahnne Abbott",4378,7.8,"Embassy International Pictures",1982,4274,"US","English",2,"Drama"
"The Lighthouse",1,"Movie","Drama, Fantasy, Horror",109,"Robert Pattinson, Willem Dafoe, Valeriia Karaman",663,7.5,"A24",2019,262150,"US","English",3,"Horror/Thriller"
"The Long Goodbye",0,"Movie","Comedy, Crime, Drama",112,"Elliott Gould, Nina van Pallandt, Sterling Hayden",6652,7.6,"E-K-Corporation",1973,12217,"US","English",4,"Horror/Thriller"
"The Lord of the Rings: The Fellowship of the Ring",1,"Movie","Action, Adventure, Drama",178,"Alan Howard, Noel Appleby, Sean Astin",261,8.8,"New Line Cinema",2001,101506,"US","English",3,"Action"
"The Lord of the Rings: The Return of the King",1,"Movie","Action, Adventure, Drama",201,"Noel Appleby, Ali Astin, Sean Astin",514,8.9,"New Line Cinema",2003,91348,"US","English",2,"Action"
"The Lord of the Rings: The Two Towers",1,"Movie","Action, Adventure, Drama",179,"Bruce Allpress, Sean Astin, John Bach",756,8.7,"New Line Cinema",2002,13969,"US","English",3,"Action"
"The Maltese Falcon",1,"Movie","Crime, Film-Noir, Mystery",100,"Humphrey Bogart, Mary Astor, Gladys George",5871,8,"Warner Bros.",1941,116339,"US","English",2,"Horror/Thriller"
"The Man Who Knew Too Much",1,"Movie","Drama, Thriller",120,"James Stewart, Doris Day, Brenda de Banzie",7012,7.4,"Paramount Pictures",1956,21780,"US","English",3,"Light"
"The Man Who Wasn't There",0,"Movie","Crime, Drama",116,"Billy Bob Thornton, Frances McDormand, Michael Badalucco",6475,7.5,"Good Machine",2001,15496,"US","English",3,"Drama"
"The Newton Boys",1,"Movie","Action, Crime, Drama",122,"Matthew McConaughey, Skeet Ulrich, Ethan Hawke",13604,6.1,"Twentieth Century Fox",1998,22914,"US","English",3,"Action"
"The Night of the Hunter",0,"Movie","Crime, Drama, Film-Noir",92,"Shelley Winters, Lillian Gish, James Gleason",6462,8,"Paul Gregory Productions",1955,41285,"US","English",2,"Horror/Thriller"
"The Outlaw Josey Wales",0,"Movie","Western",135,"Chief Dan George, Sondra Locke, Bill McKinney",5678,7.8,"Warner Bros.",1976,21325,"US","English",1,"Action"
"The Passenger",1,"Movie","Drama, Thriller",126,"Jack Nicholson, Maria Schneider, Jenny Runacre",10774,7.6,"Metro-Goldwyn-Mayer (MGM)",1975,66311,"EU","English",3,"Horror/Thriller"
"The Prestige",1,"Movie","Drama, Mystery, Sci-Fi",130,"Hugh Jackman, Christian Bale, Michael Caine",405,8.5,"Touchstone Pictures",2006,124389,"US","English",3,"Drama"
"The Royal Tenenbaums",1,"Movie","Comedy, Drama",110,"Gene Hackman, Anjelica Huston, Ben Stiller",2071,7.6,"Touchstone Pictures",2001,84364,"US","English",2,"Drama"
"The Shining",1,"Movie","Drama, Horror",146,"Jack Nicholson, Shelley Duvall, Danny Lloyd",696,8.4,"Warner Bros.",1980,7950,"US","English",4,"Horror/Thriller"
"The Skin I Live In",1,"Movie","Drama, Horror, Thriller",120,"Antonio Banderas, Elena Anaya, Marisa Paredes",3482,7.6,"Blue Haze Entertainment",2011,3059,"SP","Spanish",3,"Horror/Thriller"
"The Tenant",1,"Movie","Drama, Thriller",126,"Isabelle Adjani, Melvyn Douglas, Jo Van Fleet",7838,7.7,"Marianne Productions",1976,111533,"EU","English",1,"Horror/Thriller"
"The Terminal",1,"Movie","Comedy, Drama, Romance",128,"Tom Hanks, Catherine Zeta-Jones, Stanley Tucci",1642,7.4,"Dreamworks Pictures",2004,35238,"US","English",2,"Romance"
"The War Room",0,"Movie","Documentary, History",96,NA,43136,7.3,"Cyclone Films",1993,16081,"US","English",4,"Drama"
"The Wicker Man",1,"Movie","Horror, Mystery, Thriller",88,"Edward Woodward, Christopher Lee, Diane Cilento",3227,7.5,"British Lion Film Corporation",1973,56654,"UK","English",4,"Horror/Thriller"
"The Wild Bunch",1,"Movie","Action, Adventure, Western",145,"William Holden, Ernest Borgnine, Robert Ryan",5187,7.9,"Warner Bros./Seven Arts",1969,26104,"US","English",1,"Action"
"The Wolf of Wall Street",1,"Movie","Biography, Crime, Drama",180,"Jonah Hill, Margot Robbie, Matthew McConaughey",257,8.2,"Red Granite Pictures",2013,100466,"US","English",3,"Drama"
"The World's End",0,"Movie","Comedy, Sci-Fi",109,"Thomas Law, Zachary Bailess, Jasper Levine",3163,7,"Universal Pictures",2013,20470,"UK","English",3,"Light"
"The Yakuza",1,"Movie","Action, Crime, Drama",112,"Robert Mitchum, Ken Takakura, Brian Keith",17460,7.2,"Warner Bros.",1974,17542,"US","English",2,"Action"
"The Young Girls of Rochefort",1,"Movie","Comedy, Drama, Musical",120,"Catherine Deneuve, George Chakiris, Françoise Dorléac",14553,7.7,"Parc Film",1967,9583,"FR","French",2,"Light"
"This Is England",0,"Movie","Crime, Drama",101,"Thomas Turgoose, Stephen Graham, Jo Hartley",3016,7.7,"Warp Films",2006,81681,"UK","English",4,"Drama"
"Three Billboards Outside Ebbing, Missouri",0,"Movie","Comedy, Crime, Drama",115,"Frances McDormand, Caleb Landry Jones, Kerry Condon",791,8.1,"Blueprint Pictures",2017,11391,"US","English",2,"Drama"
"Tie Me Up! Tie Me Down!",1,"Movie","Comedy, Crime, Drama",101,"Victoria Abril, Antonio Banderas, Loles León",7221,7,"El Deseo",1989,1012,"SP","Spanish",3,"Drama"
"Tinker Tailor Soldier Spy",1,"Movie","Drama, Mystery, Thriller",122,"Mark Strong, John Hurt, Zoltán Mucsi",2113,7.1,"StudioCanal",2011,13253,"UK","English",2,"Horror/Thriller"
"To Catch a Thief",1,"Movie","Mystery, Romance, Thriller",106,"Cary Grant, Grace Kelly, Jessie Royce Landis",2916,7.4,"Paramount Pictures",1955,2098,"US","English",4,"Romance"
"Tomboy",0,"Movie","Drama",82,"Zoé Héran, Malonn Lévana, Jeanne Disson",14370,7.4,"Hold Up Films",2011,5703,"FR","French",1,"Drama"
"Top Hat",0,"Movie","Comedy, Musical, Romance",101,"Ginger Rogers, Edward Everett Horton, Erik Rhodes",16310,7.7,"RKO Radio Pictures",1935,8521,"US","English",4,"Romance"
"Torso",0,"Movie","Horror, Mystery, Thriller",89,"Suzy Kendall, Tina Aumont, Luc Merenda",13399,6.5,"Compagnia Cinematografica Champion",1973,9662,"IT","Italian",2,"Horror/Thriller"
"Touch of Evil",1,"Movie","Crime, Drama, Film-Noir",95,"Charlton Heston, Janet Leigh, Joseph Calleia",6535,8,"Universal International Pictures (UI)",1958,25073,"US","English",3,"Horror/Thriller"
"Training Day",1,"Movie","Crime, Drama, Thriller",122,"Denzel Washington, Ethan Hawke, Scott Glenn",1006,7.7,"Warner Bros.",2001,32946,"US","English",2,"Drama"
"Trainspotting",1,"Movie","Drama",93,"Ewan McGregor, Ewen Bremner, Jonny Lee Miller",1074,8.1,"Channel Four Films",1996,27570,"UK","English",4,"Drama"
"Tropic Thunder",1,"Movie","Action, Comedy, War",107,"Jeff Kahn, Robert Downey Jr., Anthony Ruivivar",831,7,"Dreamworks Pictures",2008,29365,"US","English",3,"Action"
"Two Women",1,"Movie","Drama, War",101,"Sophia Loren, Jean-Paul Belmondo, Eleonora Brown",10589,7.8,"Compagnia Cinematografica Champion",1960,3449,"IT","Italian",2,"Drama"
"Tyrannosaur",0,"Movie","Drama",92,"Peter Mullan, Archie Lal, Jag Sanghera",9480,7.6,"Warp X",2011,7108,"UK","English",3,"Drama"
"Uncut Gems",0,"Movie","Crime, Drama, Thriller",135,"Mesfin Lamengo, Sun Zhi Hua-Hilton, Liang Wei-Hui-Duncan",757,7.4,"A24",2019,4011,"US","English",1,"Drama"
"Unforgiven",1,"Movie","Drama, Western",130,"Gene Hackman, Morgan Freeman, Richard Harris",1369,8.2,"Warner Bros.",1992,17652,"US","English",3,"Action"
"Unrelated",0,"Movie","Drama",100,"Kathryn Worth, Harry Kershaw, Emma Hiddleston",20221,6.8,"Raw Siena",2007,8700,"UK","English",1,"Light"
"Vertigo",1,"Movie","Mystery, Romance, Thriller",128,"James Stewart, Kim Novak, Barbara Bel Geddes",2257,8.3,"Alfred J. Hitchcock Productions",1958,18853,"US","English",4,"Romance"
"Videodrome",1,"Movie","Horror, Sci-Fi, Thriller",87,"James Woods, Sonja Smits, Debbie Harry",5814,7.2,"Filmplan International",1983,15870,"CA","English",4,"Horror/Thriller"
"Vivacious Lady",1,"Movie","Comedy, Romance",90,"Ginger Rogers, James Stewart, James Ellison",44538,7.2,"RKO Radio Pictures",1938,59320,"US","English",3,"Romance"
"Volver",0,"Movie","Comedy, Drama",121,"Penélope Cruz, Carmen Maura, Lola Dueñas",7504,7.6,"Canal+ España",2006,10847,"SP","Spanish",3,"Drama"
"Wake in Fright",0,"Movie","Drama, Thriller",109,"Donald Pleasence, Gary Bond, Chips Rafferty",10870,7.7,"NLT Productions",1971,104745,"AU","English",3,"Drama"
"Water Lilies",0,"Movie","Drama, Romance",85,"Pauline Acquart, Louise Blachère, Adèle Haenel",10760,6.7,"Balthazar Productions",2007,66190,"FR","French",2,"Romance"
"Wild for Kicks",1,"Movie","Drama",89,"David Farrar, Noëlle Adam, Christopher Lee",36746,6,"Willoughby Film Productions",1960,31838,"UK","English",3,"Light"
"Women on the Verge of a Nervous Breakdown",1,"Movie","Comedy, Drama",88,"Carmen Maura, Antonio Banderas, Julieta Serrano",7760,7.6,"Laurenfilm",1988,26765,"SP","Spanish",3,"Light"
"Yesterday, Today and Tomorrow",1,"Movie","Comedy, Romance",114,"Sophia Loren, Marcello Mastroianni, Aldo Giuffrè",11200,7.3,"Compagnia Cinematografica Champion",1963,66302,"IT","Italian",2,"Romance"
"You Were Never Really Here",0,"Movie","Crime, Drama",89,"Joaquin Phoenix, Dante Pereira-Olson, Larry Canady",2676,6.8,"Why Not Productions",2017,42591,"US","English",2,"Drama"
